<?xml version="1.0" encoding="UTF-8"?>
<project-private xmlns="http://www.netbeans.org/ns/project-private/1">
    <editor-bookmarks xmlns="http://www.netbeans.org/ns/editor-bookmarks/2" lastBookmarkId="0"/>
    <open-files xmlns="http://www.netbeans.org/ns/projectui-open-files/2">
        <group>
            <file>file:/D:/Produktif/PBO/Project/PenjualanMotor2/src/penjualanmotor/menu_admin.java</file>
            <file>file:/D:/Produktif/PBO/Project/PenjualanMotor2/src/penjualanmotor/transaksi_motor.java</file>
            <file>file:/D:/Produktif/PBO/Project/PenjualanMotor2/src/penjualanmotor/cetak_struk.java</file>
            <file>file:/D:/Produktif/PBO/Project/PenjualanMotor2/src/penjualanmotor/menu_pengunjung.java</file>
            <file>file:/D:/Produktif/PBO/Project/PenjualanMotor2/src/penjualanmotor/tambah_motor.java</file>
            <file>file:/D:/Produktif/PBO/Project/PenjualanMotor2/src/penjualanmotor/login.java</file>
            <file>file:/D:/Produktif/PBO/Project/PenjualanMotor2/src/penjualanmotor/login.png</file>
            <file>file:/D:/Produktif/PBO/Project/PenjualanMotor2/src/penjualanmotor/Print.png</file>
            <file>file:/D:/Produktif/PBO/Project/PenjualanMotor2/src/penjualanmotor/daftar_pembeli.java</file>
        </group>
    </open-files>
</project-private>
